username,followers,hashtag
lealefebure,3705,tbsinfluencers
ninaechuang,2585,tbsinfluencers
jessicanaranjo__,2146,tbsinfluencers
aubreyyalbert,6048,tbsinfluencers
adi.thi,2618,tbsinfluencers
biancakajy,3610,tbsinfluencers
van_phann,2351,tbsinfluencers
miaaa_10,2382,tbsinfluencers
darby.pickford,3493,tbsinfluencers
abbyhhughes,3681,tbsinfluencers
_kath.r,2853,tbsinfluencers
cecilyjcronin,3533,tbsinfluencers
parkerwebster,6336,tbsinfluencers
van_phann,2351,tbsinfluencers
aubreyyalbert,6048,tbsinfluencers
darby.pickford,3493,tbsinfluencers
biancakajy,3610,tbsinfluencers
kaseyebb,35100.0,tbsinfluencers
miaaa_10,2382,tbsinfluencers
jessicanaranjo__,2146,tbsinfluencers
abbyhhughes,3681,tbsinfluencers
lexsaucin,7443,tbsinfluencers
cecilyjcronin,3533,tbsinfluencers
parkerwebster,6336,tbsinfluencers
_kath.r,2853,tbsinfluencers
lulu.birdee,1884,tbsinfluencers
van_phann,2351,tbsinfluencers
darby.pickford,3493,tbsinfluencers
biancakajy,3610,tbsinfluencers
p.nkyjanae,4155,tbsinfluencers
aubreyyalbert,6048,tbsinfluencers
sophiemalinosky,2091,tbsinfluencers
abbyhhughes,3681,tbsinfluencers
sameeybrina,5081,tbsinfluencers
sami.zilbs,1777,tbsinfluencers
erindeshy,4198,tbsinfluencers
jimenax10,4754,tbsinfluencers
lulu.birdee,1884,tbsinfluencers
sophiemalinosky,2091,tbsinfluencers
beyon_slayy,2119,tbsinfluencers
lexsaucin,7443,tbsinfluencers
sami.zilbs,1777,tbsinfluencers
_kath.r,2853,tbsinfluencers
cecilyjcronin,3533,tbsinfluencers
ellieegarciaa,2360,tbsinfluencers
annie.vukotich,3267,tbsinfluencers
van_phann,2351,tbsinfluencers
biancakajy,3610,tbsinfluencers
kaseyebb,35100.0,tbsinfluencers
darby.pickford,3493,tbsinfluencers
sameeybrina,5081,tbsinfluencers
abbyhhughes,3681,tbsinfluencers
aubreyyalbert,6048,tbsinfluencers
miaaa_10,2382,tbsinfluencers
maddyisalwayshungry,2052,tbsinfluencers
erindeshy,4198,tbsinfluencers
cecilyjcronin,3533,tbsinfluencers
lexsaucin,7443,tbsinfluencers
katrenavt,4292,tbsinfluencers
beyon_slayy,2119,tbsinfluencers
annie.vukotich,3267,tbsinfluencers
ellieegarciaa,2360,tbsinfluencers
_kath.r,2853,tbsinfluencers
kaseyebb,35100.0,tbsinfluencers
van_phann,2351,tbsinfluencers
darby.pickford,3493,tbsinfluencers
maddyisalwayshungry,2052,tbsinfluencers
lealefebure,3705,tbsinfluencers
beyon_slayy,2119,tbsinfluencers
foodie.enthusiasts,3353,tbsinfluencers
p.nkyjanae,4155,tbsinfluencers
trisha.lee,1626,tbsinfluencers
katrenavt,4292,tbsinfluencers
erindeshy,4198,tbsinfluencers
van_phann,2351,tbsinfluencers
_kath.r,2853,tbsinfluencers
darby.pickford,3493,tbsinfluencers
dearstiney,3300,tbsinfluencers
ellieegarciaa,2360,tbsinfluencers
alyssabattle,3030,tbsinfluencers
foodie.enthusiasts,3353,tbsinfluencers
beyon_slayy,2119,tbsinfluencers
lealefebure,3705,tbsinfluencers
rielly_obrien,2113,tbsinfluencers
erindeshy,4198,tbsinfluencers
kaseyebb,35100.0,tbsinfluencers
biancakajy,3610,tbsinfluencers
darby.pickford,3493,tbsinfluencers
beyon_slayy,2119,tbsinfluencers
miaaa_10,2382,tbsinfluencers
parkerwebster,6336,tbsinfluencers
_kath.r,2853,tbsinfluencers
grecia_mlg,8248,tbsinfluencers
lealefebure,3705,tbsinfluencers
rielly_obrien,2113,tbsinfluencers
ellieegarciaa,2360,tbsinfluencers
rach.lyo,3000,tbsinfluencers
kate.nash,5048,tbsinfluencers
marykatewichalonis,22500.0,tbsinfluencers
dearstiney,3300,tbsinfluencers
kattttiieeee,6625,tbsinfluencers
beyon_slayy,2119,tbsinfluencers
toritermini,3386,tbsinfluencers
biancakajy,3610,tbsinfluencers
laneygrn,1521,tbsinfluencers
kattttiieeee,6625,tbsinfluencers
grecia_mlg,8248,tbsinfluencers
darby.pickford,3493,tbsinfluencers
kate.nash,5048,tbsinfluencers
beyon_slayy,2119,tbsinfluencers
elanagracee,3722,tbsinfluencers
katihozayin,3354,tbsinfluencers
laneygrn,1521,tbsinfluencers
kyrabeaman,6039,tbsinfluencers
grecia_mlg,8248,tbsinfluencers
alannaherrey,2455,tbsinfluencers
_hannnn_,7194,tbsinfluencers
jeanenesplitt,8512,tbsinfluencers
beyon_slayy,2119,tbsinfluencers
elanagracee,3722,tbsinfluencers
kyrabeaman,6039,tbsinfluencers
abigailgraceross,2433,tbsinfluencers
austnlee_,5661,tbsinfluencers
itsalexamorgan,3224,tbsinfluencers
dearstiney,3300,tbsinfluencers
laneygrn,1521,tbsinfluencers
jeanenesplitt,8512,tbsinfluencers
_hannnn_,7194,tbsinfluencers
elanagracee,3722,tbsinfluencers
kierstencrouse,2614,tbsinfluencers
abigailgraceross,2433,tbsinfluencers
grecia_mlg,8248,tbsinfluencers
kaleighafinch,2750,tbsinfluencers
parkerwebster,6336,tbsinfluencers
sydneydosik,3241,tbsinfluencers
kierstencrouse,2614,tbsinfluencers
kaleighafinch,2750,tbsinfluencers
abigailgraceross,2433,tbsinfluencers
dearstiney,3300,tbsinfluencers
abigailgraceross,2433,tbsinfluencers
shayna_thalken,7641,tbsinfluencers
thekennedyaaliyah,1511,tbsinfluencers
jessica.clark,3184,tbsinfluencers
grecia_mlg,8248,tbsinfluencers
sterlinggroberts,2807,tbsinfluencers
shayna_thalken,7641,tbsinfluencers
jessica.clark,3184,tbsinfluencers
rudra16patel,2080,tbsinfluencers
avawylie1,2256,tbsinfluencers
imtayok,2859,tbsinfluencers
payytonnicole,6152,tbsinfluencers
makaylul,5964,tbsinfluencers
abigailgraceross,2433,tbsinfluencers
emmagnone,6813,tbsinfluencers
lovee_neacyy,3229,tbsinfluencers
mikaylaaclark,2744,tbsinfluencers
kaleighafinch,2750,tbsinfluencers
loskuangeles,1507,tbsinfluencers
payytonnicole,6152,tbsinfluencers
bootybastian,1576,tbsinfluencers
kierstencrouse,2614,tbsinfluencers
jaythesunray,1542,tbsinfluencers
wowinnerj,3098,tbsinfluencers
shayna_thalken,7641,tbsinfluencers
angthebudgetbarbie,1603,tbsinfluencers
isabellaurennn,1543,tbsinfluencers
ray.star._,2109,tbsinfluencers
abigailgraceross,2433,tbsinfluencers
_kath.r,2853,tbsinfluencers
grecia_mlg,8248,tbsinfluencers
mikaylaaclark,2744,tbsinfluencers
jaythesunray,1542,tbsinfluencers
jasminereyz,3029,tbsinfluencers
mjcachur.photography,1805,tbsinfluencers
shutupsamm,3082,tbsinfluencers
sarrahdraws,5577,tbsinfluencers
kayla.bransted,1550,tbsinfluencers
shayna_thalken,7641,tbsinfluencers
meg.ravi,2837,tbsinfluencers
langelamartinezl,3008,tbsinfluencers
kaleighafinch,2750,tbsinfluencers
quannaharnold,2262,tbsinfluencers
abbyy.greene,2785,tbsinfluencers
juliap_123_,1721,tbsinfluencers
graceglenn7,2016,tbsinfluencers
payytonnicole,6152,tbsinfluencers
mjcachur.photography,1805,tbsinfluencers
angela.recine,2855,tbsinfluencers
ashley.moyer,2056,tbsinfluencers
reahgan.elizabeth,3298,tbsinfluencers
jasminereyz,3029,tbsinfluencers
emmagnone,6813,tbsinfluencers
vpagnani,4350,tbsinfluencers
kenamcc,1948,tbsinfluencers
ajohnson_80,1524,tbsinfluencers
ashleyshannon96,2032,tbsinfluencers
abigailgraceross,2433,tbsinfluencers
shak.ay,2344,tbsinfluencers
quannaharnold,2262,tbsinfluencers
logan_roo22,12300.0,tbsinfluencers
sarrahdraws,5577,tbsinfluencers
caitlynrogers_,2424,tbsinfluencers
angela.recine,2855,tbsinfluencers
throwsumchlo,38800.0,tbsinfluencers
meg.ravi,2837,tbsinfluencers
adelina_miller,2023,tbsinfluencers
graceglenn7,2016,tbsinfluencers
kylieroseolp,2158,tbsinfluencers
allenw.wang,5874,tbsinfluencers
cherry.fr,23800.0,tbsinfluencers
kaitlynxjane,3581,tbsinfluencers
ashleyshannon96,2032,tbsinfluencers
ajohnson_80,1524,tbsinfluencers
nattcody,81400.0,tbsinfluencers
payytonnicole,6152,tbsinfluencers
shak.ay,2344,tbsinfluencers
logan_roo22,12300.0,tbsinfluencers
thejordandrew,1844,tbsinfluencers
thejazminroze,3947,tbsinfluencers
krystaltruong,2332,tbsinfluencers
michellelieats,7361,tbsinfluencers
kylieroseolp,2158,tbsinfluencers
gabrielle.brown,2062,tbsinfluencers
cherry.fr,23800.0,tbsinfluencers
lyradurr,3128,tbsinfluencers
shutupsamm,3082,tbsinfluencers
pingsterr,2736,tbsinfluencers
nattcody,81400.0,tbsinfluencers
thejordandrew,1844,tbsinfluencers
thejazminroze,3947,tbsinfluencers
juliaalonzo,1540,tbsinfluencers
michellelieats,7361,tbsinfluencers
chels.ea.morris,2873,tbsinfluencers
klaughlinn,6166,tbsinfluencers
payytonnicole,6152,tbsinfluencers
erin_gemmell,2247,tbsinfluencers
rr.eg,1565,tbsinfluencers
arianap.x,1577,tbsinfluencers
izabellavandenberg,4577,tbsinfluencers
elainawags,4712,tbsinfluencers
bellinibunbun,1822,tbsinfluencers
shutupsamm,3082,tbsinfluencers
torin.ives,6594,tbsinfluencers
klaughlinn,6166,tbsinfluencers
jasminereyz,3029,tbsinfluencers
bellinibunbun,1822,tbsinfluencers
mariaebbrunetta,2473,tbsinfluencers
mjcachur.photography,1805,tbsinfluencers
macimartin3,5133,tbsinfluencers
wildflowerandfox,2059,tbsinfluencers
ocean.cold,12100.0,tbsinfluencers
emmagradt,9037,tbsinfluencers
sophia.salemi,2408,tbsinfluencers
cameronnikki_,2051,tbsinfluencers
payytonnicole,6152,tbsinfluencers
unt2025,2082,tbsinfluencers
shutupsamm,3082,tbsinfluencers
mackenziemeyerrr,7163,tbsinfluencers
emilkakaluta,3175,tbsinfluencers
lovelylavae,1775,tbsinfluencers
maddiegovedich,3328,tbsinfluencers
britbratzbeauty_,28000.0,tbsinfluencers
readwithjinger,2118,tbsinfluencers
emmagradt,9037,tbsinfluencers
mjcachur.photography,1805,tbsinfluencers
logan.flemingg,5262,tbsinfluencers
angela.recine,2855,tbsinfluencers
gabrielle.brown,2062,tbsinfluencers
_jackroman_,1713,tbsinfluencers
aaliyahshearer,1738,tbsinfluencers
mk.schmittou,1672,tbsinfluencers
pmendyx3,2841,tbsinfluencers
wardjacy,2153,tbsinfluencers
miaxcat,3558,tbsinfluencers
lovelylavae,1775,tbsinfluencers
natasha_easter,3059,tbsinfluencers
macybrown__,1690,tbsinfluencers
kayleemzuniga,2641,tbsinfluencers
itspaypayy,1610,tbsinfluencers
pmendyx3,2841,tbsinfluencers
arianna.xavier,1636,tbsinfluencers
talyaaaaaa,1789,tbsinfluencers
alana.herceg,2806,tbsinfluencers
meredith_rideout,2478,tbsinfluencers
mxggieheller,2193,tbsinfluencers
larkynparry,2765,tbsinfluencers
kayla.bransted,1550,tbsinfluencers
aaliyahshearer,1738,tbsinfluencers
miaxcat,3558,tbsinfluencers
amanidaneese,3803,tbsinfluencers
lexiwright0,5963,tbsinfluencers
soph.neilsen,2327,tbsinfluencers
mk.schmittou,1672,tbsinfluencers
meaganbown,3183,tbsinfluencers
itspaypayy,1610,tbsinfluencers
chloe.kruger,2292,tbsinfluencers
lyradurr,3128,tbsinfluencers
alyssabattle,3030,tbsinfluencers
amyxren,2970,tbsinfluencers
meredith_rideout,2478,tbsinfluencers
larkynparry,2765,tbsinfluencers
camillecheffer,5964,tbsinfluencers
dearstiney,3300,tbsinfluencers
austnlee_,5661,tbsinfluencers
maddiegovedich,3328,tbsinfluencers
lyradurr,3128,tbsinfluencers
alyssabattle,3030,tbsinfluencers
maddiegovedich,3328,tbsinfluencers
austnlee_,5661,tbsinfluencers
camillecheffer,5964,tbsinfluencers
alyssabattle,3030,tbsinfluencers
shutupsamm,3082,tbsinfluencers
austnlee_,5661,tbsinfluencers
gigiiparry,1943,tbsinfluencers
alyssabattle,3030,tbsinfluencers
shutupsamm,3082,tbsinfluencers
camillecheffer,5964,tbsinfluencers
austnlee_,5661,tbsinfluencers
dearstiney,3300,tbsinfluencers
kattttiieeee,6625,tbsinfluencers
alyssabattle,3030,tbsinfluencers
ashleybisconti,4253,tbsinfluencers
austnlee_,5661,tbsinfluencers
austnlee_,5661,tbsinfluencers
dearstiney,3300,tbsinfluencers
kendallrg23,2024,tbsinfluencers
christianhsings,1911,tbsinfluencers
emmacolllinss,2982,tbsinfluencers
katelynpatthana,2700,tbsinfluencers
sabrina.carrier,3721,tbsinfluencers
abby_mixon,1996,tbsinfluencers
devinevanss,2230,tbsinfluencers
aaliyahshearer,1738,tbsinfluencers
maddiekelllyyy,3004,tbsinfluencers
kenamcc,1948,tbsinfluencers
mjcachur.photography,1805,tbsinfluencers
dearstiney,3300,tbsinfluencers
julianna_merry,2173,tbsinfluencers
thisistavishi,2132,tbsinfluencers
noelledougherty,2029,tbsinfluencers
katelynpatthana,2700,tbsinfluencers
samantha.hunn,1972,tbsinfluencers
abby_mixon,1996,tbsinfluencers
aaliyahshearer,1738,tbsinfluencers
kendallrg23,2024,tbsinfluencers
tonyluflops,3401,tbsinfluencers
reahgan.elizabeth,3298,tbsinfluencers
macimartin3,5133,tbsinfluencers
lexiemcclellan,2251,tbsinfluencers
mjcachur.photography,1805,tbsinfluencers
ashtyngrace7,2780,tbsinfluencers
sydneyminear,1907,tbsinfluencers
sabrina.carrier,3721,tbsinfluencers
rileysnyderrr,4974,tbsinfluencers
kenamcc,1948,tbsinfluencers
meredith_rideout,2478,tbsinfluencers
gigiiparry,1943,tbsinfluencers
dearstiney,3300,tbsinfluencers
julianna_merry,2173,tbsinfluencers
mindfullymurphy,2610,tbsinfluencers
emmarupard,6692,tbsinfluencers
stephh_pena99,1986,tbsinfluencers
jada_arianna,3152,tbsinfluencers
thisistavishi,2132,tbsinfluencers
christine_wilbur,2600,tbsinfluencers
devinevanss,2230,tbsinfluencers
jacksonamirshahi,3395,tbsinfluencers
christianhsings,1911,tbsinfluencers
jpk.pnk,6330,tbsinfluencers
kamsi.u,2502,tbsinfluencers
kristencab26,3079,tbsinfluencers
isabelhartzell,1668,tbsinfluencers
bridgetmotley,2135,tbsinfluencers
ashley_green999,1646,tbsinfluencers
maddiekelllyyy,3004,tbsinfluencers
lexiwright0,5963,tbsinfluencers
rachheldickk,2428,tbsinfluencers
alyssabattle,3030,tbsinfluencers
rileysnyderrr,4974,tbsinfluencers
meredith_rideout,2478,tbsinfluencers
dharakpatel1,2300,tbsinfluencers
stephkimmi,6535,tbsinfluencers
natalia.per,2042,tbsinfluencers
kristencab26,3079,tbsinfluencers
sadiegees,2076,tbsinfluencers
stephh_pena99,1986,tbsinfluencers
sterlinggroberts,2807,tbsinfluencers
cdags5,4738,tbsinfluencers
genriv_,2265,tbsinfluencers
